ciudad,anchor,url
Madrid,Agencias_de_publicidad_en_Madrid,https://www.comunicare.es/mejores-agencias-publicidad-espana/#Agencias_de_publicidad_en_Madrid
Barcelona,Agencias_de_publicidad_en_Barcelona,https://www.comunicare.es/mejores-agencias-publicidad-espana/#Agencias_de_publicidad_en_Barcelona
Valencia,Agencias_de_publicidad_en_Valencia,https://www.comunicare.es/mejores-agencias-publicidad-espana/#Agencias_de_publicidad_en_Valencia
Sevilla,Agencias_de_publicidad_en_Sevilla,https://www.comunicare.es/mejores-agencias-publicidad-espana/#Agencias_de_publicidad_en_Sevilla
Zaragoza,Agencias_de_publicidad_en_Zaragoza,https://www.comunicare.es/mejores-agencias-publicidad-espana/#Agencias_de_publicidad_en_Zaragoza
Málaga,Agencias_de_publicidad_en_Malaga,https://www.comunicare.es/mejores-agencias-publicidad-espana/#Agencias_de_publicidad_en_Malaga
Murcia,Agencias_de_publicidad_en_Murcia,https://www.comunicare.es/mejores-agencias-publicidad-espana/#Agencias_de_publicidad_en_Murcia
Palma,Agencias_de_publicidad_en_Palma,https://www.comunicare.es/mejores-agencias-publicidad-espana/#Agencias_de_publicidad_en_Palma
Las Palmas de Gran Canaria,Agencias_de_publicidad_en_Las_Palmas_de_Gran_Canaria,https://www.comunicare.es/mejores-agencias-publicidad-espana/#Agencias_de_publicidad_en_Las_Palmas_de_Gran_Canaria
Bilbao,Agencias_de_publicidad_en_Bilbao,https://www.comunicare.es/mejores-agencias-publicidad-espana/#Agencias_de_publicidad_en_Bilbao
Alicante,Agencias_de_publicidad_en_Alicante,https://www.comunicare.es/mejores-agencias-publicidad-espana/#Agencias_de_publicidad_en_Alicante
Córdoba,Agencias_de_publicidad_en_Cordoba,https://www.comunicare.es/mejores-agencias-publicidad-espana/#Agencias_de_publicidad_en_Cordoba
Valladolid,Agencias_de_publicidad_en_Valladolid,https://www.comunicare.es/mejores-agencias-publicidad-espana/#Agencias_de_publicidad_en_Valladolid
Vigo,Agencias_de_publicidad_en_Vigo,https://www.comunicare.es/mejores-agencias-publicidad-espana/#Agencias_de_publicidad_en_Vigo
Gijón,Agencias_de_publicidad_en_Gijon,https://www.comunicare.es/mejores-agencias-publicidad-espana/#Agencias_de_publicidad_en_Gijon
Hospitalet de Llobregat,Agencias_de_publicidad_en_Hospitalet_de_Llobregat,https://www.comunicare.es/mejores-agencias-publicidad-espana/#Agencias_de_publicidad_en_Hospitalet_de_Llobregat
Vitoria,Agencias_de_publicidad_en_Vitoria,https://www.comunicare.es/mejores-agencias-publicidad-espana/#Agencias_de_publicidad_en_Vitoria
La Coruña,Agencias_de_publicidad_en_La_Coruna,https://www.comunicare.es/mejores-agencias-publicidad-espana/#Agencias_de_publicidad_en_La_Coruna
Elche,Agencias_de_publicidad_en_Elche,https://www.comunicare.es/mejores-agencias-publicidad-espana/#Agencias_de_publicidad_en_Elche
Granada,Agencias_de_publicidad_en_Granada,https://www.comunicare.es/mejores-agencias-publicidad-espana/#Agencias_de_publicidad_en_Granada
Tarrasa,Agencias_de_publicidad_en_Tarrasa,https://www.comunicare.es/mejores-agencias-publicidad-espana/#Agencias_de_publicidad_en_Tarrasa
Badalona,Agencias_de_publicidad_en_Badalona,https://www.comunicare.es/mejores-agencias-publicidad-espana/#Agencias_de_publicidad_en_Badalona
Oviedo,Agencias_de_publicidad_en_Oviedo,https://www.comunicare.es/mejores-agencias-publicidad-espana/#Agencias_de_publicidad_en_Oviedo
Cartagena,Agencias_de_publicidad_en_Cartagena,https://www.comunicare.es/mejores-agencias-publicidad-espana/#Agencias_de_publicidad_en_Cartagena
Sabadell,Agencias_de_publicidad_en_Sabadell,https://www.comunicare.es/mejores-agencias-publicidad-espana/#Agencias_de_publicidad_en_Sabadell
Jerez de la Frontera,Agencias_de_publicidad_en_Jerez_de_la_Frontera,https://www.comunicare.es/mejores-agencias-publicidad-espana/#Agencias_de_publicidad_en_Jerez_de_la_Frontera
Móstoles,Agencias_de_publicidad_en_Mostoles,https://www.comunicare.es/mejores-agencias-publicidad-espana/#Agencias_de_publicidad_en_Mostoles
Santa Cruz de Tenerife,Agencias_de_publicidad_en_Santa_Cruz_de_Tenerife,https://www.comunicare.es/mejores-agencias-publicidad-espana/#Agencias_de_publicidad_en_Santa_Cruz_de_Tenerife
Pamplona,Agencias_de_publicidad_en_Pamplona,https://www.comunicare.es/mejores-agencias-publicidad-espana/#Agencias_de_publicidad_en_Pamplona
Almería,Agencias_de_publicidad_en_Almeria,https://www.comunicare.es/mejores-agencias-publicidad-espana/#Agencias_de_publicidad_en_Almeria
Alcalá de Henares,Agencias_de_publicidad_en_Alcala_de_Henares,https://www.comunicare.es/mejores-agencias-publicidad-espana/#Agencias_de_publicidad_en_Alcala_de_Henares
Fuenlabrada,Agencias_de_publicidad_en_Fuenlabrada,https://www.comunicare.es/mejores-agencias-publicidad-espana/#Agencias_de_publicidad_en_Fuenlabrada
Leganés,Agencias_de_publicidad_en_Leganes,https://www.comunicare.es/mejores-agencias-publicidad-espana/#Agencias_de_publicidad_en_Leganes
San Sebastián,Agencias_de_publicidad_en_San_Sebastian,https://www.comunicare.es/mejores-agencias-publicidad-espana/#Agencias_de_publicidad_en_San_Sebastian
Getafe,Agencias_de_publicidad_en_Getafe,https://www.comunicare.es/mejores-agencias-publicidad-espana/#Agencias_de_publicidad_en_Getafe
Burgos,Agencias_de_publicidad_en_Burgos,https://www.comunicare.es/mejores-agencias-publicidad-espana/#Agencias_de_publicidad_en_Burgos
Albacete,Agencias_de_publicidad_en_Albacete,https://www.comunicare.es/mejores-agencias-publicidad-espana/#Agencias_de_publicidad_en_Albacete
Santander,Agencias_de_publicidad_en_Santander,https://www.comunicare.es/mejores-agencias-publicidad-espana/#Agencias_de_publicidad_en_Santander
Castellón de la Plana,Agencias_de_publicidad_en_Castellon_de_la_Plana,https://www.comunicare.es/mejores-agencias-publicidad-espana/#Agencias_de_publicidad_en_Castellon_de_la_Plana
Alcorcón,Agencias_de_publicidad_en_Alcorcon,https://www.comunicare.es/mejores-agencias-publicidad-espana/#Agencias_de_publicidad_en_Alcorcon
San Cristóbal de La Laguna,Agencias_de_publicidad_en_San_Cristobal_de_La_Laguna,https://www.comunicare.es/mejores-agencias-publicidad-espana/#Agencias_de_publicidad_en_San_Cristobal_de_La_Laguna
Logroño,Agencias_de_publicidad_en_Logrono,https://www.comunicare.es/mejores-agencias-publicidad-espana/#Agencias_de_publicidad_en_Logrono
Badajoz,Agencias_de_publicidad_en_Badajoz,https://www.comunicare.es/mejores-agencias-publicidad-espana/#Agencias_de_publicidad_en_Badajoz
Salamanca,Agencias_de_publicidad_en_Salamanca,https://www.comunicare.es/mejores-agencias-publicidad-espana/#Agencias_de_publicidad_en_Salamanca
Huelva,Agencias_de_publicidad_en_Huelva,https://www.comunicare.es/mejores-agencias-publicidad-espana/#Agencias_de_publicidad_en_Huelva
Marbella,Agencias_de_publicidad_en_Marbella,https://www.comunicare.es/mejores-agencias-publicidad-espana/#Agencias_de_publicidad_en_Marbella
Lérida,Agencias_de_publicidad_en_Lerida,https://www.comunicare.es/mejores-agencias-publicidad-espana/#Agencias_de_publicidad_en_Lerida
Tarragona,Agencias_de_publicidad_en_Tarragona,https://www.comunicare.es/mejores-agencias-publicidad-espana/#Agencias_de_publicidad_en_Tarragona
Dos Hermanas,Agencias_de_publicidad_en_Dos_Hermanas,https://www.comunicare.es/mejores-agencias-publicidad-espana/#Agencias_de_publicidad_en_Dos_Hermanas
Torrejón de Ardoz,Agencias_de_publicidad_en_Torrejon_de_Ardoz,https://www.comunicare.es/mejores-agencias-publicidad-espana/#Agencias_de_publicidad_en_Torrejon_de_Ardoz
Parla,Agencias_de_publicidad_en_Parla,https://www.comunicare.es/mejores-agencias-publicidad-espana/#Agencias_de_publicidad_en_Parla
Mataró,Agencias_de_publicidad_en_Mataro,https://www.comunicare.es/mejores-agencias-publicidad-espana/#Agencias_de_publicidad_en_Mataro
León,Agencias_de_publicidad_en_Leon,https://www.comunicare.es/mejores-agencias-publicidad-espana/#Agencias_de_publicidad_en_Leon
Algeciras,Agencias_de_publicidad_en_Algeciras,https://www.comunicare.es/mejores-agencias-publicidad-espana/#Agencias_de_publicidad_en_Algeciras
Santa Coloma de Gramanet,Agencias_de_publicidad_en_Santa_Coloma_de_Gramanet,https://www.comunicare.es/mejores-agencias-publicidad-espana/#Agencias_de_publicidad_en_Santa_Coloma_de_Gramanet
Alcobendas,Agencias_de_publicidad_en_Alcobendas,https://www.comunicare.es/mejores-agencias-publicidad-espana/#Agencias_de_publicidad_en_Alcobendas
Cádiz,Agencias_de_publicidad_en_Cadiz,https://www.comunicare.es/mejores-agencias-publicidad-espana/#Agencias_de_publicidad_en_Cadiz
Jaén,Agencias_de_publicidad_en_Jaen,https://www.comunicare.es/mejores-agencias-publicidad-espana/#Agencias_de_publicidad_en_Jaen
Orense,Agencias_de_publicidad_en_Orense,https://www.comunicare.es/mejores-agencias-publicidad-espana/#Agencias_de_publicidad_en_Orense
Reus,Agencias_de_publicidad_en_Reus,https://www.comunicare.es/mejores-agencias-publicidad-espana/#Agencias_de_publicidad_en_Reus
Telde,Agencias_de_publicidad_en_Telde,https://www.comunicare.es/mejores-agencias-publicidad-espana/#Agencias_de_publicidad_en_Telde
Gerona,Agencias_de_publicidad_en_Gerona,https://www.comunicare.es/mejores-agencias-publicidad-espana/#Agencias_de_publicidad_en_Gerona
Baracaldo,Agencias_de_publicidad_en_Baracaldo,https://www.comunicare.es/mejores-agencias-publicidad-espana/#Agencias_de_publicidad_en_Baracaldo
Lugo,Agencias_de_publicidad_en_Lugo,https://www.comunicare.es/mejores-agencias-publicidad-espana/#Agencias_de_publicidad_en_Lugo
Santiago de Compostela,Agencias_de_publicidad_en_Santiago_de_Compostela,https://www.comunicare.es/mejores-agencias-publicidad-espana/#Agencias_de_publicidad_en_Santiago_de_Compostela
Roquetas de Mar,Agencias_de_publicidad_en_Roquetas_de_Mar,https://www.comunicare.es/mejores-agencias-publicidad-espana/#Agencias_de_publicidad_en_Roquetas_de_Mar
Cáceres,Agencias_de_publicidad_en_Caceres,https://www.comunicare.es/mejores-agencias-publicidad-espana/#Agencias_de_publicidad_en_Caceres
Las Rozas de Madrid,Agencias_de_publicidad_en_Las_Rozas_de_Madrid,https://www.comunicare.es/mejores-agencias-publicidad-espana/#Agencias_de_publicidad_en_Las_Rozas_de_Madrid
San Fernando,Agencias_de_publicidad_en_San_Fernando,https://www.comunicare.es/mejores-agencias-publicidad-espana/#Agencias_de_publicidad_en_San_Fernando
Lorca,Agencias_de_publicidad_en_Lorca,https://www.comunicare.es/mejores-agencias-publicidad-espana/#Agencias_de_publicidad_en_Lorca
Sant Cugat del Vallés,Agencias_de_publicidad_en_Sant_Cugat_del_Valles,https://www.comunicare.es/mejores-agencias-publicidad-espana/#Agencias_de_publicidad_en_Sant_Cugat_del_Valles
San Sebastián de los Reyes,Agencias_de_publicidad_en_San_Sebastian_de_los_Reyes,https://www.comunicare.es/mejores-agencias-publicidad-espana/#Agencias_de_publicidad_en_San_Sebastian_de_los_Reyes
Cornellá de Llobregat,Agencias_de_publicidad_en_Cornella_de_Llobregat,https://www.comunicare.es/mejores-agencias-publicidad-espana/#Agencias_de_publicidad_en_Cornella_de_Llobregat
El Puerto de Santa María,Agencias_de_publicidad_en_El_Puerto_de_Santa_Maria,https://www.comunicare.es/mejores-agencias-publicidad-espana/#Agencias_de_publicidad_en_El_Puerto_de_Santa_Maria
Rivas-Vaciamadrid,Agencias_de_publicidad_en_Rivas-Vaciamadrid,https://www.comunicare.es/mejores-agencias-publicidad-espana/#Agencias_de_publicidad_en_Rivas-Vaciamadrid
Melilla,Agencias_de_publicidad_en_Melilla,https://www.comunicare.es/mejores-agencias-publicidad-espana/#Agencias_de_publicidad_en_Melilla
Pozuelo de Alarcón,Agencias_de_publicidad_en_Pozuelo_de_Alarcon,https://www.comunicare.es/mejores-agencias-publicidad-espana/#Agencias_de_publicidad_en_Pozuelo_de_Alarcon
Guadalajara,Agencias_de_publicidad_en_Guadalajara,https://www.comunicare.es/mejores-agencias-publicidad-espana/#Agencias_de_publicidad_en_Guadalajara
Toledo,Agencias_de_publicidad_en_Toledo,https://www.comunicare.es/mejores-agencias-publicidad-espana/#Agencias_de_publicidad_en_Toledo
Ceuta,Agencias_de_publicidad_en_Ceuta,https://www.comunicare.es/mejores-agencias-publicidad-espana/#Agencias_de_publicidad_en_Ceuta
Chiclana de la Frontera,Agencias_de_publicidad_en_Chiclana_de_la_Frontera,https://www.comunicare.es/mejores-agencias-publicidad-espana/#Agencias_de_publicidad_en_Chiclana_de_la_Frontera
San Baudilio de Llobregat,Agencias_de_publicidad_en_San_Baudilio_de_Llobregat,https://www.comunicare.es/mejores-agencias-publicidad-espana/#Agencias_de_publicidad_en_San_Baudilio_de_Llobregat
El Ejido,Agencias_de_publicidad_en_El_Ejido,https://www.comunicare.es/mejores-agencias-publicidad-espana/#Agencias_de_publicidad_en_El_Ejido
Talavera de la Reina,Agencias_de_publicidad_en_Talavera_de_la_Reina,https://www.comunicare.es/mejores-agencias-publicidad-espana/#Agencias_de_publicidad_en_Talavera_de_la_Reina
Torrevieja,Agencias_de_publicidad_en_Torrevieja,https://www.comunicare.es/mejores-agencias-publicidad-espana/#Agencias_de_publicidad_en_Torrevieja
Pontevedra,Agencias_de_publicidad_en_Pontevedra,https://www.comunicare.es/mejores-agencias-publicidad-espana/#Agencias_de_publicidad_en_Pontevedra
Mijas,Agencias_de_publicidad_en_Mijas,https://www.comunicare.es/mejores-agencias-publicidad-espana/#Agencias_de_publicidad_en_Mijas
Torrente,Agencias_de_publicidad_en_Torrente,https://www.comunicare.es/mejores-agencias-publicidad-espana/#Agencias_de_publicidad_en_Torrente
Coslada,Agencias_de_publicidad_en_Coslada,https://www.comunicare.es/mejores-agencias-publicidad-espana/#Agencias_de_publicidad_en_Coslada
Vélez-Málaga,Agencias_de_publicidad_en_Velez-Malaga,https://www.comunicare.es/mejores-agencias-publicidad-espana/#Agencias_de_publicidad_en_Velez-Malaga
Arona,Agencias_de_publicidad_en_Arona,https://www.comunicare.es/mejores-agencias-publicidad-espana/#Agencias_de_publicidad_en_Arona
Fuengirola,Agencias_de_publicidad_en_Fuengirola,https://www.comunicare.es/mejores-agencias-publicidad-espana/#Agencias_de_publicidad_en_Fuengirola
Palencia,Agencias_de_publicidad_en_Palencia,https://www.comunicare.es/mejores-agencias-publicidad-espana/#Agencias_de_publicidad_en_Palencia
Avilés,Agencias_de_publicidad_en_Aviles,https://www.comunicare.es/mejores-agencias-publicidad-espana/#Agencias_de_publicidad_en_Aviles
Guecho,Agencias_de_publicidad_en_Guecho,https://www.comunicare.es/mejores-agencias-publicidad-espana/#Agencias_de_publicidad_en_Guecho
Manresa,Agencias_de_publicidad_en_Manresa,https://www.comunicare.es/mejores-agencias-publicidad-espana/#Agencias_de_publicidad_en_Manresa
Rubí,Agencias_de_publicidad_en_Rubi,https://www.comunicare.es/mejores-agencias-publicidad-espana/#Agencias_de_publicidad_en_Rubi
Orihuela,Agencias_de_publicidad_en_Orihuela,https://www.comunicare.es/mejores-agencias-publicidad-espana/#Agencias_de_publicidad_en_Orihuela
Valdemoro,Agencias_de_publicidad_en_Valdemoro,https://www.comunicare.es/mejores-agencias-publicidad-espana/#Agencias_de_publicidad_en_Valdemoro
Alcalá de Guadaíra,Agencias_de_publicidad_en_Alcala_de_Guadaira,https://www.comunicare.es/mejores-agencias-publicidad-espana/#Agencias_de_publicidad_en_Alcala_de_Guadaira
Ciudad Real,Agencias_de_publicidad_en_Ciudad_Real,https://www.comunicare.es/mejores-agencias-publicidad-espana/#Agencias_de_publicidad_en_Ciudad_Real
Gandía,Agencias_de_publicidad_en_Gandia,https://www.comunicare.es/mejores-agencias-publicidad-espana/#Agencias_de_publicidad_en_Gandia
Santa Lucía de Tirajana,Agencias_de_publicidad_en_Santa_Lucia_de_Tirajana,https://www.comunicare.es/mejores-agencias-publicidad-espana/#Agencias_de_publicidad_en_Santa_Lucia_de_Tirajana
Molina de Segura,Agencias_de_publicidad_en_Molina_de_Segura,https://www.comunicare.es/mejores-agencias-publicidad-espana/#Agencias_de_publicidad_en_Molina_de_Segura
Majadahonda,Agencias_de_publicidad_en_Majadahonda,https://www.comunicare.es/mejores-agencias-publicidad-espana/#Agencias_de_publicidad_en_Majadahonda
Paterna,Agencias_de_publicidad_en_Paterna,https://www.comunicare.es/mejores-agencias-publicidad-espana/#Agencias_de_publicidad_en_Paterna
Benidorm,Agencias_de_publicidad_en_Benidorm,https://www.comunicare.es/mejores-agencias-publicidad-espana/#Agencias_de_publicidad_en_Benidorm
Sanlúcar de Barrameda,Agencias_de_publicidad_en_Sanlucar_de_Barrameda,https://www.comunicare.es/mejores-agencias-publicidad-espana/#Agencias_de_publicidad_en_Sanlucar_de_Barrameda
Torremolinos,Agencias_de_publicidad_en_Torremolinos,https://www.comunicare.es/mejores-agencias-publicidad-espana/#Agencias_de_publicidad_en_Torremolinos
Estepona,Agencias_de_publicidad_en_Estepona,https://www.comunicare.es/mejores-agencias-publicidad-espana/#Agencias_de_publicidad_en_Estepona
Benalmádena,Agencias_de_publicidad_en_Benalmadena,https://www.comunicare.es/mejores-agencias-publicidad-espana/#Agencias_de_publicidad_en_Benalmadena
Villanueva y Geltrú,Agencias_de_publicidad_en_Villanueva_y_Geltru,https://www.comunicare.es/mejores-agencias-publicidad-espana/#Agencias_de_publicidad_en_Villanueva_y_Geltru
Casteldefels,Agencias_de_publicidad_en_Casteldefels,https://www.comunicare.es/mejores-agencias-publicidad-espana/#Agencias_de_publicidad_en_Casteldefels
Viladecans,Agencias_de_publicidad_en_Viladecans,https://www.comunicare.es/mejores-agencias-publicidad-espana/#Agencias_de_publicidad_en_Viladecans
Sagunto,Agencias_de_publicidad_en_Sagunto,https://www.comunicare.es/mejores-agencias-publicidad-espana/#Agencias_de_publicidad_en_Sagunto
Ferrol,Agencias_de_publicidad_en_Ferrol,https://www.comunicare.es/mejores-agencias-publicidad-espana/#Agencias_de_publicidad_en_Ferrol
Ponferrada,Agencias_de_publicidad_en_Ponferrada,https://www.comunicare.es/mejores-agencias-publicidad-espana/#Agencias_de_publicidad_en_Ponferrada
El Prat de Llobregat,Agencias_de_publicidad_en_El_Prat_de_Llobregat,https://www.comunicare.es/mejores-agencias-publicidad-espana/#Agencias_de_publicidad_en_El_Prat_de_Llobregat
Collado Villalba,Agencias_de_publicidad_en_Collado_Villalba,https://www.comunicare.es/mejores-agencias-publicidad-espana/#Agencias_de_publicidad_en_Collado_Villalba
La Línea de la Concepción,Agencias_de_publicidad_en_La_Linea_de_la_Concepcion,https://www.comunicare.es/mejores-agencias-publicidad-espana/#Agencias_de_publicidad_en_La_Linea_de_la_Concepcion
Arrecife,Agencias_de_publicidad_en_Arrecife,https://www.comunicare.es/mejores-agencias-publicidad-espana/#Agencias_de_publicidad_en_Arrecife
Irún,Agencias_de_publicidad_en_Irun,https://www.comunicare.es/mejores-agencias-publicidad-espana/#Agencias_de_publicidad_en_Irun
Zamora,Agencias_de_publicidad_en_Zamora,https://www.comunicare.es/mejores-agencias-publicidad-espana/#Agencias_de_publicidad_en_Zamora
Granollers,Agencias_de_publicidad_en_Granollers,https://www.comunicare.es/mejores-agencias-publicidad-espana/#Agencias_de_publicidad_en_Granollers
Aranjuez,Agencias_de_publicidad_en_Aranjuez,https://www.comunicare.es/mejores-agencias-publicidad-espana/#Agencias_de_publicidad_en_Aranjuez
Mérida,Agencias_de_publicidad_en_Merida,https://www.comunicare.es/mejores-agencias-publicidad-espana/#Agencias_de_publicidad_en_Merida
Alcoy,Agencias_de_publicidad_en_Alcoy,https://www.comunicare.es/mejores-agencias-publicidad-espana/#Agencias_de_publicidad_en_Alcoy
San Vicente del Raspeig,Agencias_de_publicidad_en_San_Vicente_del_Raspeig,https://www.comunicare.es/mejores-agencias-publicidad-espana/#Agencias_de_publicidad_en_San_Vicente_del_Raspeig
Motril,Agencias_de_publicidad_en_Motril,https://www.comunicare.es/mejores-agencias-publicidad-espana/#Agencias_de_publicidad_en_Motril
Ávila,Agencias_de_publicidad_en_Avila,https://www.comunicare.es/mejores-agencias-publicidad-espana/#Agencias_de_publicidad_en_Avila
Linares,Agencias_de_publicidad_en_Linares,https://www.comunicare.es/mejores-agencias-publicidad-espana/#Agencias_de_publicidad_en_Linares
Sardañola del Vallés,Agencias_de_publicidad_en_Sardanola_del_Valles,https://www.comunicare.es/mejores-agencias-publicidad-espana/#Agencias_de_publicidad_en_Sardanola_del_Valles
Arganda del Rey,Agencias_de_publicidad_en_Arganda_del_Rey,https://www.comunicare.es/mejores-agencias-publicidad-espana/#Agencias_de_publicidad_en_Arganda_del_Rey
Cuenca,Agencias_de_publicidad_en_Cuenca,https://www.comunicare.es/mejores-agencias-publicidad-espana/#Agencias_de_publicidad_en_Cuenca
Boadilla del Monte,Agencias_de_publicidad_en_Boadilla_del_Monte,https://www.comunicare.es/mejores-agencias-publicidad-espana/#Agencias_de_publicidad_en_Boadilla_del_Monte
San Bartolomé de Tirajana,Agencias_de_publicidad_en_San_Bartolome_de_Tirajana,https://www.comunicare.es/mejores-agencias-publicidad-espana/#Agencias_de_publicidad_en_San_Bartolome_de_Tirajana
Huesca,Agencias_de_publicidad_en_Huesca,https://www.comunicare.es/mejores-agencias-publicidad-espana/#Agencias_de_publicidad_en_Huesca
Elda,Agencias_de_publicidad_en_Elda,https://www.comunicare.es/mejores-agencias-publicidad-espana/#Agencias_de_publicidad_en_Elda
Pinto,Agencias_de_publicidad_en_Pinto,https://www.comunicare.es/mejores-agencias-publicidad-espana/#Agencias_de_publicidad_en_Pinto
Segovia,Agencias_de_publicidad_en_Segovia,https://www.comunicare.es/mejores-agencias-publicidad-espana/#Agencias_de_publicidad_en_Segovia
Siero,Agencias_de_publicidad_en_Siero,https://www.comunicare.es/mejores-agencias-publicidad-espana/#Agencias_de_publicidad_en_Siero
Torrelavega,Agencias_de_publicidad_en_Torrelavega,https://www.comunicare.es/mejores-agencias-publicidad-espana/#Agencias_de_publicidad_en_Torrelavega
Mollet del Vallés,Agencias_de_publicidad_en_Mollet_del_Valles,https://www.comunicare.es/mejores-agencias-publicidad-espana/#Agencias_de_publicidad_en_Mollet_del_Valles
Villareal,Agencias_de_publicidad_en_Villareal,https://www.comunicare.es/mejores-agencias-publicidad-espana/#Agencias_de_publicidad_en_Villareal
Colmenar Viejo,Agencias_de_publicidad_en_Colmenar_Viejo,https://www.comunicare.es/mejores-agencias-publicidad-espana/#Agencias_de_publicidad_en_Colmenar_Viejo
Utrera,Agencias_de_publicidad_en_Utrera,https://www.comunicare.es/mejores-agencias-publicidad-espana/#Agencias_de_publicidad_en_Utrera
Calviá,Agencias_de_publicidad_en_Calvia,https://www.comunicare.es/mejores-agencias-publicidad-espana/#Agencias_de_publicidad_en_Calvia
Granadilla de Abona,Agencias_de_publicidad_en_Granadilla_de_Abona,https://www.comunicare.es/mejores-agencias-publicidad-espana/#Agencias_de_publicidad_en_Granadilla_de_Abona
Ibiza,Agencias_de_publicidad_en_Ibiza,https://www.comunicare.es/mejores-agencias-publicidad-espana/#Agencias_de_publicidad_en_Ibiza
Adeje,Agencias_de_publicidad_en_Adeje,https://www.comunicare.es/mejores-agencias-publicidad-espana/#Agencias_de_publicidad_en_Adeje
Tres Cantos,Agencias_de_publicidad_en_Tres_Cantos,https://www.comunicare.es/mejores-agencias-publicidad-espana/#Agencias_de_publicidad_en_Tres_Cantos
Rincón de la Victoria,Agencias_de_publicidad_en_Rincon_de_la_Victoria,https://www.comunicare.es/mejores-agencias-publicidad-espana/#Agencias_de_publicidad_en_Rincon_de_la_Victoria
Puertollano,Agencias_de_publicidad_en_Puertollano,https://www.comunicare.es/mejores-agencias-publicidad-espana/#Agencias_de_publicidad_en_Puertollano
Gavá,Agencias_de_publicidad_en_Gava,https://www.comunicare.es/mejores-agencias-publicidad-espana/#Agencias_de_publicidad_en_Gava
Esplugas de Llobregat,Agencias_de_publicidad_en_Esplugas_de_Llobregat,https://www.comunicare.es/mejores-agencias-publicidad-espana/#Agencias_de_publicidad_en_Esplugas_de_Llobregat
Figueras,Agencias_de_publicidad_en_Figueras,https://www.comunicare.es/mejores-agencias-publicidad-espana/#Agencias_de_publicidad_en_Figueras
Vich,Agencias_de_publicidad_en_Vich,https://www.comunicare.es/mejores-agencias-publicidad-espana/#Agencias_de_publicidad_en_Vich
Mairena del Aljarafe,Agencias_de_publicidad_en_Mairena_del_Aljarafe,https://www.comunicare.es/mejores-agencias-publicidad-espana/#Agencias_de_publicidad_en_Mairena_del_Aljarafe
Santurce,Agencias_de_publicidad_en_Santurce,https://www.comunicare.es/mejores-agencias-publicidad-espana/#Agencias_de_publicidad_en_Santurce
Portugalete,Agencias_de_publicidad_en_Portugalete,https://www.comunicare.es/mejores-agencias-publicidad-espana/#Agencias_de_publicidad_en_Portugalete
San Feliú de Llobregat,Agencias_de_publicidad_en_San_Feliu_de_Llobregat,https://www.comunicare.es/mejores-agencias-publicidad-espana/#Agencias_de_publicidad_en_San_Feliu_de_Llobregat
Alcira,Agencias_de_publicidad_en_Alcira,https://www.comunicare.es/mejores-agencias-publicidad-espana/#Agencias_de_publicidad_en_Alcira
Manacor,Agencias_de_publicidad_en_Manacor,https://www.comunicare.es/mejores-agencias-publicidad-espana/#Agencias_de_publicidad_en_Manacor
Mislata,Agencias_de_publicidad_en_Mislata,https://www.comunicare.es/mejores-agencias-publicidad-espana/#Agencias_de_publicidad_en_Mislata
Lucena,Agencias_de_publicidad_en_Lucena,https://www.comunicare.es/mejores-agencias-publicidad-espana/#Agencias_de_publicidad_en_Lucena
Denia,Agencias_de_publicidad_en_Denia,https://www.comunicare.es/mejores-agencias-publicidad-espana/#Agencias_de_publicidad_en_Denia
Alcantarilla,Agencias_de_publicidad_en_Alcantarilla,https://www.comunicare.es/mejores-agencias-publicidad-espana/#Agencias_de_publicidad_en_Alcantarilla
La Orotava,Agencias_de_publicidad_en_La_Orotava,https://www.comunicare.es/mejores-agencias-publicidad-espana/#Agencias_de_publicidad_en_La_Orotava
Puerto Real,Agencias_de_publicidad_en_Puerto_Real,https://www.comunicare.es/mejores-agencias-publicidad-espana/#Agencias_de_publicidad_en_Puerto_Real
Antequera,Agencias_de_publicidad_en_Antequera,https://www.comunicare.es/mejores-agencias-publicidad-espana/#Agencias_de_publicidad_en_Antequera
Puerto del Rosario,Agencias_de_publicidad_en_Puerto_del_Rosario,https://www.comunicare.es/mejores-agencias-publicidad-espana/#Agencias_de_publicidad_en_Puerto_del_Rosario
Basauri,Agencias_de_publicidad_en_Basauri,https://www.comunicare.es/mejores-agencias-publicidad-espana/#Agencias_de_publicidad_en_Basauri
Alhaurín de la Torre,Agencias_de_publicidad_en_Alhaurin_de_la_Torre,https://www.comunicare.es/mejores-agencias-publicidad-espana/#Agencias_de_publicidad_en_Alhaurin_de_la_Torre
