provincia,url
A Coruña,https://amisando.es/servicios/a-coruna/
Albacete,https://amisando.es/servicios/albacete/
Alicante,https://amisando.es/servicios/alicante/
Almería,https://amisando.es/servicios/almeria/
Araba,https://amisando.es/servicios/araba/
Asturias,https://amisando.es/servicios/asturias/
Ávila,https://amisando.es/servicios/avila/
Badajoz,https://amisando.es/servicios/badajoz/
Barcelona,https://amisando.es/servicios/barcelona/
Bizkaia,https://amisando.es/servicios/bizkaia/
Burgos,https://amisando.es/servicios/burgos/
Cáceres,https://amisando.es/servicios/caceres/
Cádiz,https://amisando.es/servicios/cadiz/
Cantabria,https://amisando.es/servicios/cantabria/
Castellón,https://amisando.es/servicios/castellon/
Ceuta,https://amisando.es/servicios/ceuta/
Ciudad Real,https://amisando.es/servicios/ciudad-real/
Córdoba,https://amisando.es/servicios/cordoba/
Cuenca,https://amisando.es/servicios/cuenca/
Gipuzkoa,https://amisando.es/servicios/gipuzkoa/
Girona,https://amisando.es/servicios/girona/
Granada,https://amisando.es/servicios/granada/
Guadalajara,https://amisando.es/servicios/guadalajara/
Huelva,https://amisando.es/servicios/huelva/
Huesca,https://amisando.es/servicios/huesca/
Illes Balears,https://amisando.es/servicios/illes-balears/
Jaén,https://amisando.es/servicios/jaen/
La Rioja,https://amisando.es/servicios/la-rioja/
Las Palmas,https://amisando.es/servicios/las-palmas/
León,https://amisando.es/servicios/leon/
Lleida,https://amisando.es/servicios/lleida/
Lugo,https://amisando.es/servicios/lugo/
Madrid,https://amisando.es/servicios/madrid/
Málaga,https://amisando.es/servicios/malaga/
Melilla,https://amisando.es/servicios/melilla/
Murcia,https://amisando.es/servicios/murcia/
Navarra,https://amisando.es/servicios/navarra/
Ourense,https://amisando.es/servicios/ourense/
Palencia,https://amisando.es/servicios/palencia/
Pontevedra,https://amisando.es/servicios/pontevedra/
Salamanca,https://amisando.es/servicios/salamanca/
Santa Cruz de Tenerife,https://amisando.es/servicios/santa-cruz-de-tenerife/
Segovia,https://amisando.es/servicios/segovia/
Sevilla,https://amisando.es/servicios/sevilla/
Soria,https://amisando.es/servicios/soria/
Tarragona,https://amisando.es/servicios/tarragona/
Teruel,https://amisando.es/servicios/teruel/
Toledo,https://amisando.es/servicios/toledo/
Valencia,https://amisando.es/servicios/valencia/
Valladolid,https://amisando.es/servicios/valladolid/
Zamora,https://amisando.es/servicios/zamora/
Zaragoza,https://amisando.es/servicios/zaragoza/
