categoria,url
Moda y complementos,http://www.seraportiendasonline.com/venta-online-moda-y-complementos
Inform치tica,http://www.seraportiendasonline.com/venta-online-informatica
Electr칩nica,http://www.seraportiendasonline.com/venta-online-electronica
Alimentaci칩n,http://www.seraportiendasonline.com/venta-online-alimentacion
Motor,http://www.seraportiendasonline.com/venta-online-motor
Deportes,http://www.seraportiendasonline.com/venta-online-deportes
Salud y belleza,http://www.seraportiendasonline.com/venta-online-salud-y-belleza
Jardineria y plantas,http://www.seraportiendasonline.com/venta-online-jardineria-y-plantas
Hogar y Muebles,http://www.seraportiendasonline.com/venta-online-hogar-y-muebles
Ocio y cultura,http://www.seraportiendasonline.com/venta-online-ocio-y-cultura
Regalos,http://www.seraportiendasonline.com/venta-online-regalos
Mascotas,http://www.seraportiendasonline.com/venta-online-mascotas
S칩lo adultos,http://www.seraportiendasonline.com/venta-online-solo-adultos
Servicios,http://www.seraportiendasonline.com/venta-online-servicios
Otros,http://www.seraportiendasonline.com/venta-online-otros
